<?xml version="1.0" encoding="utf-8"?>
<!--/389667/538406/2.50/9/4/Variable Resistor/-->
<quadcept_library>
  <setting unit="mil" />
  <textstyle name="Default" height="47.244094488189" strokewidth="7.8740157480315" charwidth="47.244094488189" />
  <textstyle name="Dimension" height="19.6850393700787" strokewidth="0" charwidth="19.6850393700787" />
  <textstyle name="H127W0635TH00762" height="50" strokewidth="3" charwidth="25" />
  <textstyle name="H15W15TH02" height="59.0551181102362" strokewidth="7.8740157480315" charwidth="59.0551181102362" />
  <padstyle name="c225_h150" surface="False" plated="True" isvia="False" nopaste="True" nomask="True" complex="False" holesize="59.055118110235">
    <padshape layer="TOP" shape="round" width="88.582677165353" height="88.582677165353" />
    <padshape layer="TOP_SOLDER_MASK" shape="round" width="96.456692913385" height="96.456692913385" />
    <padshape layer="INNER" shape="round" width="88.582677165353" height="88.582677165353" />
    <padshape layer="BOTTOM" shape="round" width="88.582677165353" height="88.582677165353" />
    <padshape layer="BOTTOM_SOLDER_MASK" shape="round" width="96.456692913385" height="96.456692913385" />
  </padstyle>
  <padstyle name="s225_h150" surface="False" plated="True" isvia="False" nopaste="True" nomask="True" complex="False" holesize="59.055118110235">
    <padshape layer="TOP" shape="square" width="88.582677165353" height="88.582677165353" />
    <padshape layer="TOP_SOLDER_MASK" shape="square" width="96.456692913385" height="96.456692913385" />
    <padshape layer="INNER" shape="square" width="88.582677165353" height="88.582677165353" />
    <padshape layer="BOTTOM" shape="square" width="88.582677165353" height="88.582677165353" />
    <padshape layer="BOTTOM_SOLDER_MASK" shape="square" width="96.456692913385" height="96.456692913385" />
  </padstyle>
  <padstyle name="c300_h200" surface="False" plated="True" isvia="False" nopaste="True" nomask="True" complex="False" holesize="78.740157480314">
    <padshape layer="TOP" shape="round" width="118.11023622047" height="118.11023622047" />
    <padshape layer="TOP_SOLDER_MASK" shape="round" width="125.9842519685" height="125.9842519685" />
    <padshape layer="INNER" shape="round" width="118.11023622047" height="118.11023622047" />
    <padshape layer="BOTTOM" shape="round" width="118.11023622047" height="118.11023622047" />
    <padshape layer="BOTTOM_SOLDER_MASK" shape="round" width="125.9842519685" height="125.9842519685" />
  </padstyle>
  <footprint name="PSM01082A103B2" originx="0" originy="0" pickpointx="0" pickpointy="0">
    <pcbpin number="1" name="A1" style="s225_h150" originx="0" originy="0" rotation="90" />
    <pcbpin number="2" name="A2" style="c225_h150" originx="0" originy="147.63779527559" rotation="90" />
    <pcbpin number="3" name="A3" style="c225_h150" originx="-5019.68503937" originy="147.63779527559" rotation="90" />
    <pcbpin number="4" name="B1" style="c225_h150" originx="0" originy="-147.63779527559" rotation="90" />
    <pcbpin number="5" name="B2" style="c225_h150" originx="0" originy="-295.27559055118" rotation="90" />
    <pcbpin number="6" name="B3" style="c225_h150" originx="-5019.68503937" originy="-295.27559055118" rotation="90" />
    <pcbpin number="7" name="T1" style="c225_h150" originx="-5019.68503937" originy="0" rotation="90" />
    <pcbpin number="8" name="MH1" style="c300_h200" originx="-789.37007874015" originy="-73.818897637794" rotation="90" />
    <pcbpin number="9" name="MH2" style="c300_h200" originx="-4037.4015748031" originy="-73.818897637794" rotation="90" />
    <line layer="TOP_ASSEMBLY" originx="-5305.1181102362" originy="548.22834645669" endx="679.13385826771" endy="548.22834645669" width="3.9370078740157" />
    <line layer="TOP_ASSEMBLY" originx="679.13385826771" originy="548.22834645669" endx="679.13385826771" endy="-388.77952755905" width="3.9370078740157" />
    <line layer="TOP_ASSEMBLY" originx="679.13385826771" originy="-388.77952755905" endx="-5305.1181102362" endy="-388.77952755905" width="3.9370078740157" />
    <line layer="TOP_ASSEMBLY" originx="-5305.1181102362" originy="-388.77952755905" endx="-5305.1181102362" endy="548.22834645669" width="3.9370078740157" />
    <line layer="TOP_SILKSCREEN" originx="-5305.1181102362" originy="548.22834645669" endx="679.13385826771" endy="548.22834645669" width="7.8740157480314" />
    <line layer="TOP_SILKSCREEN" originx="679.13385826771" originy="548.22834645669" endx="679.13385826771" endy="-388.77952755905" width="7.8740157480314" />
    <line layer="TOP_SILKSCREEN" originx="679.13385826771" originy="-388.77952755905" endx="-5305.1181102362" endy="-388.77952755905" width="7.8740157480314" />
    <line layer="TOP_SILKSCREEN" originx="-5305.1181102362" originy="-388.77952755905" endx="-5305.1181102362" endy="548.22834645669" width="7.8740157480314" />
    <line layer="TOP_PLACE_BOUND" originx="-5344.4881889763" originy="910.43307086613" endx="718.50393700787" endy="910.43307086613" width="3.9370078740157" />
    <line layer="TOP_PLACE_BOUND" originx="718.50393700787" originy="910.43307086613" endx="718.50393700787" endy="-869.09448818897" width="3.9370078740157" />
    <line layer="TOP_PLACE_BOUND" originx="718.50393700787" originy="-869.09448818897" endx="-5344.4881889763" endy="-869.09448818897" width="3.9370078740157" />
    <line layer="TOP_PLACE_BOUND" originx="-5344.4881889763" originy="-869.09448818897" endx="-5344.4881889763" endy="910.43307086613" width="3.9370078740157" />
    <line layer="TOP_ASSEMBLY" originx="679.13385826771" originy="-388.77952755905" endx="679.13385826771" endy="-829.72440944881" width="3.9370078740157" />
    <line layer="TOP_ASSEMBLY" originx="679.13385826771" originy="-829.72440944881" endx="679.13385826771" endy="-829.72440944881" width="3.9370078740157" />
    <line layer="TOP_ASSEMBLY" originx="679.13385826771" originy="-829.72440944881" endx="179.13385826771" endy="-829.72440944881" width="3.9370078740157" />
    <line layer="TOP_ASSEMBLY" originx="179.13385826771" originy="-829.72440944881" endx="179.13385826771" endy="-388.77952755905" width="3.9370078740157" />
    <line layer="TOP_ASSEMBLY" originx="-478.34645669291" originy="548.22834645669" endx="-478.34645669291" endy="792.32283464566" width="3.9370078740157" />
    <line layer="TOP_ASSEMBLY" originx="-478.34645669291" originy="792.32283464566" endx="-685.03937007873" endy="792.32283464566" width="3.9370078740157" />
    <line layer="TOP_ASSEMBLY" originx="-685.03937007873" originy="792.32283464566" endx="-685.03937007873" endy="871.06299212597" width="3.9370078740157" />
    <line layer="TOP_ASSEMBLY" originx="-685.03937007873" originy="871.06299212597" endx="0" endy="871.06299212597" width="3.9370078740157" />
    <line layer="TOP_ASSEMBLY" originx="0" originy="871.06299212597" endx="0" endy="792.32283464566" width="3.9370078740157" />
    <line layer="TOP_ASSEMBLY" originx="0" originy="792.32283464566" endx="-163.38582677165" endy="792.32283464566" width="3.9370078740157" />
    <line layer="TOP_ASSEMBLY" originx="-163.38582677165" originy="792.32283464566" endx="-163.38582677165" endy="548.22834645669" width="3.9370078740157" />
    <line layer="TOP_SILKSCREEN" originx="692.91338582676" originy="0" endx="692.91338582676" endy="0" width="3.9370078740157" />
    <arc layer="TOP_SILKSCREEN" originx="694.88188976377" originy="0" startangle="180.0" sweepangle="180.0" radius="1.9685039370079" width="3.9370078740157" />
    <line layer="TOP_SILKSCREEN" originx="696.85039370078" originy="0" endx="696.85039370078" endy="0" width="3.9370078740157" />
    <arc layer="TOP_SILKSCREEN" originx="694.88188976377" originy="0" startangle=".0" sweepangle="180.0" radius="1.9685039370079" width="3.9370078740157" />
  </footprint>
  <symbol name="PSM01-082A-103B2" originx="0" originy="0">
    <line originx="200" originy="100" endx="1100" endy="100" width="0" />
    <line originx="1100" originy="-500" endx="1100" endy="100" width="0" />
    <line originx="1100" originy="-500" endx="200" endy="-500" width="0" />
    <line originx="200" originy="100" endx="200" endy="-500" width="0" />
    <sympin number="1" originx="200" originy="0" rotation="180" length="100" width="7.8740157480315" flipped="False">
      <text name="pinname" originx="230" originy="0" style="Default" rotation="0" justify="left" flipped="False" hidden="False" data="CCW_1" />
      <text name="pindes" originx="140" originy="20" style="Default" rotation="0" justify="lowerright" flipped="False" hidden="False" data="A1" />
    </sympin>
    <sympin number="2" originx="200" originy="-100" rotation="180" length="100" width="7.8740157480315" flipped="False">
      <text name="pinname" originx="230" originy="-100" style="Default" rotation="0" justify="left" flipped="False" hidden="False" data="WIPER_1" />
      <text name="pindes" originx="140" originy="-80" style="Default" rotation="0" justify="lowerright" flipped="False" hidden="False" data="A2" />
    </sympin>
    <sympin number="3" originx="200" originy="-200" rotation="180" length="100" width="7.8740157480315" flipped="False">
      <text name="pinname" originx="230" originy="-200" style="Default" rotation="0" justify="left" flipped="False" hidden="False" data="CW_1" />
      <text name="pindes" originx="140" originy="-180" style="Default" rotation="0" justify="lowerright" flipped="False" hidden="False" data="A3" />
    </sympin>
    <sympin number="4" originx="200" originy="-300" rotation="180" length="100" width="7.8740157480315" flipped="False">
      <text name="pinname" originx="230" originy="-300" style="Default" rotation="0" justify="left" flipped="False" hidden="False" data="CCW_2" />
      <text name="pindes" originx="140" originy="-280" style="Default" rotation="0" justify="lowerright" flipped="False" hidden="False" data="B1" />
    </sympin>
    <sympin number="5" originx="200" originy="-400" rotation="180" length="100" width="7.8740157480315" flipped="False">
      <text name="pinname" originx="230" originy="-400" style="Default" rotation="0" justify="left" flipped="False" hidden="False" data="WIPER_2" />
      <text name="pindes" originx="140" originy="-380" style="Default" rotation="0" justify="lowerright" flipped="False" hidden="False" data="B2" />
    </sympin>
    <sympin number="6" originx="1100" originy="0" rotation="0" length="100" width="7.8740157480315" flipped="False">
      <text name="pinname" originx="1070" originy="0" style="Default" rotation="0" justify="right" flipped="False" hidden="False" data="CW_2" />
      <text name="pindes" originx="1160" originy="20" style="Default" rotation="0" justify="lowerleft" flipped="False" hidden="False" data="B3" />
    </sympin>
    <sympin number="7" originx="1100" originy="-100" rotation="0" length="100" width="7.8740157480315" flipped="False">
      <text name="pinname" originx="1070" originy="-100" style="Default" rotation="0" justify="right" flipped="False" hidden="False" data="T1" />
      <text name="pindes" originx="1160" originy="-80" style="Default" rotation="0" justify="lowerleft" flipped="False" hidden="False" data="T1" />
    </sympin>
    <sympin number="8" originx="1100" originy="-200" rotation="0" length="100" width="7.8740157480315" flipped="False">
      <text name="pinname" originx="1070" originy="-200" style="Default" rotation="0" justify="right" flipped="False" hidden="False" data="MH1" />
      <text name="pindes" originx="1160" originy="-180" style="Default" rotation="0" justify="lowerleft" flipped="False" hidden="False" data="MH1" />
    </sympin>
    <sympin number="9" originx="1100" originy="-300" rotation="0" length="100" width="7.8740157480315" flipped="False">
      <text name="pinname" originx="1070" originy="-300" style="Default" rotation="0" justify="right" flipped="False" hidden="False" data="MH2" />
      <text name="pindes" originx="1160" originy="-280" style="Default" rotation="0" justify="lowerleft" flipped="False" hidden="False" data="MH2" />
    </sympin>
  </symbol>
  <component name="PSM01-082A-103B2" designatorprefix="VR" height="511.81102362204" footprint="PSM01082A103B2">
    <comppin designator="A1" sympin="1" pinswap="0" gateswap="0" gate="1" group="1" side="" type="Any" name="CCW_1" />
    <comppin designator="A2" sympin="2" pinswap="0" gateswap="0" gate="1" group="1" side="" type="Any" name="WIPER_1" />
    <comppin designator="A3" sympin="3" pinswap="0" gateswap="0" gate="1" group="1" side="" type="Any" name="CW_1" />
    <comppin designator="B1" sympin="4" pinswap="0" gateswap="0" gate="1" group="1" side="" type="Any" name="CCW_2" />
    <comppin designator="B2" sympin="5" pinswap="0" gateswap="0" gate="1" group="1" side="" type="Any" name="WIPER_2" />
    <comppin designator="B3" sympin="6" pinswap="0" gateswap="0" gate="1" group="1" side="" type="Any" name="CW_2" />
    <comppin designator="T1" sympin="7" pinswap="0" gateswap="0" gate="1" group="1" side="" type="Any" name="T1" />
    <comppin designator="MH1" sympin="8" pinswap="0" gateswap="0" gate="1" group="1" side="" type="Any" name="MH1" />
    <comppin designator="MH2" sympin="9" pinswap="0" gateswap="0" gate="1" group="1" side="" type="Any" name="MH2" />
    <attached_symbol gate="1" name="PSM01-082A-103B2" />
    <pinmap designator="A1" footprintpin="1" />
    <pinmap designator="A2" footprintpin="2" />
    <pinmap designator="A3" footprintpin="3" />
    <pinmap designator="B1" footprintpin="4" />
    <pinmap designator="B2" footprintpin="5" />
    <pinmap designator="B3" footprintpin="6" />
    <pinmap designator="T1" footprintpin="7" />
    <pinmap designator="MH1" footprintpin="8" />
    <pinmap designator="MH2" footprintpin="9" />
    <text name="Datasheet" originx="0" originy="0" style="Default" rotation="0" justify="" flipped="False" hidden="True" data="https://4donline.ihs.com/images/VipMasterIC/IC/BOUR/BOUR-S-A0009830518/BOUR-S-A0009830518-1.pdf?hkey=EF798316E3902B6ED9A73243A3159BB0" />
    <text name="Description" originx="0" originy="0" style="Default" rotation="0" justify="" flipped="False" hidden="True" data="Bourns Potentiometer PSM Series with a 6 x 1.2 mm Dia. Shaft 10k +/-20% 0.5W, Linear, PCB Mount" />
    <text name="Manufacturer_Name" originx="0" originy="0" style="Default" rotation="0" justify="" flipped="False" hidden="True" data="Bourns" />
    <text name="Manufacturer_Part_Number" originx="1150" originy="200" style="Default" rotation="0" justify="left" flipped="False" hidden="False" data="PSM01-082A-103B2" />
    <text name="Mouser Part Number" originx="0" originy="0" style="Default" rotation="0" justify="" flipped="False" hidden="True" data="652-PSM01082A103B2" />
    <text name="Mouser Price/Stock" originx="0" originy="0" style="Default" rotation="0" justify="" flipped="False" hidden="True" data="https://www.mouser.co.uk/ProductDetail/Bourns/PSM01-082A-103B2?qs=MAZTpT1IVl8rvdecO07rRA%3D%3D" />
    <text name="Arrow Part Number" originx="0" originy="0" style="Default" rotation="0" justify="" flipped="False" hidden="True" data="PSM01-082A-103B2" />
    <text name="Arrow Price/Stock" originx="0" originy="0" style="Default" rotation="0" justify="" flipped="False" hidden="True" data="https://www.arrow.com/en/products/psm01-082a-103b2/bourns?region=nac" />
  </component>
</quadcept_library>
